"","playerId","career_efficiency","career_shooting"
"53",8459461,2.22739252182507,0.1239
"64",8459670,1.38553745858081,0.0601
"72",8460527,0.867774963348758,0.0742
"77",8460562,2.30460796682364,0.1185
"78",8460567,1.48443596635741,0.1006
"79",8460577,2.54814033236613,0.1406
"81",8460626,0.442721260011538,0.0432
"84",8460720,1.07639204287401,0.0685
"92",8462060,1.58503597122302,0.1092
"93",8462077,1.92956642637769,0.0859
"94",8462118,2.83223235537964,0.1071
"95",8462129,1.70791911449089,0.1307
"96",8462196,0.813165435566182,0.0444
"97",8462209,1.32281770926689,0.0757
"98",8462535,0.840238067452445,0.046
"99",8462823,1.74273631522702,0.0931
"100",8464957,2.4629149988227,0.1374
"101",8464960,1.48090950457096,0.0899
"102",8464967,1.4218009478673,0.0891
"103",8464975,2.65477161716871,0.1412
"105",8464979,1.93888294154597,0.1166
"106",8464983,0.869280589822978,0.0873
"107",8464989,1.83886006886991,0.0958
"108",8464994,1.09115401885945,0.0776
"109",8465005,0.493382784935464,0.03
"110",8465009,1.03124052168638,0.0611
"111",8465024,1.56904552865922,0.0904
"112",8465025,1.56608816775214,0.1094
"113",8465026,2.08609717750992,0.1732
"114",8465041,0.87930493038836,0.0408
"115",8465050,1.60870759168185,0.1022
"116",8465056,0.85419734904271,0.0666
"117",8465059,1.23587350959046,0.0787
"118",8465113,1.32380624658422,0.0862
"119",8465166,0.926113506786675,0.0599
"120",8465170,1.53661973965358,0.1246
"121",8465175,0.96571992333853,0.0846
"122",8465185,0.549571707234331,0.0385
"123",8465192,0.920763447079237,0.0664
"124",8465951,1.60773436027253,0.1185
"125",8465968,1.76756732182636,0.089
"126",8465978,0.971737059383931,0.0423
"127",8466035,2.34535447301405,0.1324
"128",8466138,2.8732788798133,0.1401
"129",8466139,2.26803342365045,0.1306
"130",8466140,2.01039298715359,0.096
"131",8466144,0.988742577374426,0.0625
"132",8466148,2.78456837280367,0.1241
"133",8466149,1.71511298669963,0.0964
"134",8466158,0.582133595636234,0.0367
"135",8466160,2.0722214213637,0.1586
"136",8466181,2.4068380528271,0.1239
"137",8466202,2.40565175906941,0.1014
"138",8466216,1.21110176619008,0.0656
"139",8466251,1.65797726773337,0.0925
"140",8466260,1.92685102586976,0.1134
"141",8466292,1.30495711803285,0.0916
"142",8466300,1.22287224004529,0.0805
"143",8466371,1.41204475983517,0.0916
"144",8466378,2.68360481126439,0.1355
"145",8466392,2.0879318271078,0.1298
"146",8466393,1.76274319427168,0.099
"147",8466398,1.19938884644767,0.0778
"148",8466399,1.56895612454427,0.0833
"149",8467096,1.44292591986527,0.073
"150",8467329,2.54635219619523,0.1213
"151",8467330,1.94290744466801,0.1077
"152",8467334,1.36863959543941,0.0986
"153",8467336,1.11927642736009,0.0918
"154",8467338,2.68123446561723,0.1855
"155",8467346,2.46915270949453,0.1258
"156",8467348,0.782811183960628,0.0655
"157",8467351,2.44412354247042,0.0719
"158",8467353,2.23853053976133,0.1406
"159",8467355,0.474326155699443,0.0459
"160",8467357,2.32408989020898,0.1283
"161",8467361,0.816476068353701,0.0763
"162",8467370,1.83618754676199,0.1191
"163",8467371,2.52911565999926,0.1442
"164",8467389,2.49351575912067,0.0863
"165",8467393,1.18079680685934,0.0914
"166",8467396,2.06054242014753,0.1292
"167",8467407,1.96954650777888,0.105
"168",8467412,1.98961049627333,0.1047
"169",8467423,1.80693069306931,0.1221
"170",8467428,0.863469089862462,0.0779
"171",8467463,2.00221825722139,0.083
"172",8467466,1.788134665735,0.0834
"173",8467478,0.776019476567255,0.0695
"174",8467483,2.0793206609505,0.0785
"175",8467493,1.33312003412787,0.0896
"176",8467502,2.11000767725798,0.099
"177",8467514,3.06341514058265,0.1399
"178",8467531,0.762573382557647,0.0833
"179",8467543,1.08542713567839,0.0621
"180",8467545,2.3220049414568,0.1233
"181",8467580,0.423353624792474,0.0479
"182",8467831,1.49708342995772,0.1217
"183",8467844,2.06023138744149,0.0804
"184",8467857,1.42284864481035,0.0849
"185",8467875,2.81326006666066,0.1131
"186",8467876,2.75832438238453,0.1293
"187",8467878,2.10208867627753,0.0956
"188",8467881,1.42237273785586,0.1077
"189",8467882,1.60017959366932,0.0982
"190",8467899,2.68535262206148,0.1268
"191",8467905,1.04430563344872,0.0593
"192",8467909,0.608684513897784,0.044
"193",8467915,0.736850235575809,0.0407
"194",8467925,1.03841161482621,0.0705
"195",8467937,1.00961942956502,0.082
"196",8467943,1.6138448707256,0.0984
"197",8467964,2.30942011410012,0.1338
"198",8467967,1.42337923491328,0.1064
"199",8467988,1.99103734241358,0.1373
"200",8468001,1.09597848959551,0.0817
"201",8468064,2.23371590367015,0.1197
"202",8468083,2.71837023636292,0.0975
"203",8468085,2.1784951792975,0.0915
"204",8468086,1.32743362831858,0.0759
"205",8468095,0.768027307637605,0.0841
"206",8468162,0.767559932305478,0.089
"207",8468172,1.71546864218105,0.12
"208",8468208,1.60536529981781,0.1186
"209",8468224,1.97310611103715,0.0771
"210",8468252,0.77064874829042,0.0722
"211",8468432,2.19492925375278,0.1427
"212",8468434,2.43594976995191,0.1092
"213",8468482,2.72618133567185,0.145
"214",8468483,2.66677573724897,0.1269
"215",8468484,0.722619609704615,0.052
"216",8468485,1.91430616627467,0.1318
"217",8468486,2.17248425606157,0.1177
"218",8468499,1.3787569302597,0.0865
"219",8468500,2.28766800962319,0.1373
"220",8468504,2.25221876997636,0.1174
"221",8468505,1.39730458221024,0.0977
"222",8468506,1.10226576852419,0.0944
"223",8468508,2.24080622789808,0.0967
"224",8468509,1.25337885213321,0.0652
"225",8468510,1.45800316957211,0.1009
"226",8468513,0.515153695696259,0.0368
"227",8468515,1.13918749127461,0.0852
"228",8468517,1.55951914826262,0.0672
"229",8468518,1.38762743178163,0.0728
"230",8468523,1.32485997414907,0.1026
"231",8468526,1.63452536978094,0.0894
"232",8468534,0.518731988472622,0.0321
"233",8468535,1.75491736554153,0.1241
"234",8468548,1.05995062623151,0.0603
"235",8468560,1.13625603636019,0.0655
"236",8468568,0.309268688888195,0.0243
"237",8468575,1.37685228132705,0.0777
"238",8468577,0.465519781317009,0.0358
"239",8468604,2.7034375606914,0.1405
"240",8468611,0.994181561931607,0.075
"241",8468635,0.826509062732646,0.0749
"242",8468647,0.973442781265089,0.0404
"243",8468660,0.81290962163353,0.0813
"244",8468695,1.84069193780054,0.0951
"245",8468700,1.33787012234851,0.0929
"246",8468704,1.70119391761537,0.0956
"247",8468778,0.497615591955215,0.0693
"248",8468789,2.18231343383227,0.1173
"249",8468868,0.28548770816812,0
"250",8468881,1.4030612244898,0.1
"251",8468884,0,0
"252",8468887,0.531914893617021,0.0465
"253",8468927,0.914639467973073,0.0428
"254",8469454,2.66063714902808,0.1374
"255",8469455,2.90505294300841,0.1266
"256",8469457,1.99265121537592,0.1181
"257",8469459,2.15421905771853,0.0906
"258",8469462,1.80478581208841,0.1158
"259",8469464,1.04027740730862,0.0721
"260",8469466,2.54641909814324,0.1054
"261",8469467,1.6044687425719,0.121
"262",8469469,1.81518364070889,0.1061
"263",8469473,1.26383722493614,0.0753
"264",8469474,1.71812203142126,0.1267
"265",8469475,1.10767225932562,0.0829
"266",8469483,0.894620949984272,0.072
"267",8469485,2.34504363392258,0.1193
"268",8469490,1.02569947005527,0.0543
"269",8469492,0.849499810507197,0.0466
"270",8469500,2.41114685962518,0.119
"271",8469501,1.08317840109935,0.0767
"272",8469506,2.36726424139366,0.1056
"273",8469508,1.12344892681467,0.0863
"274",8469521,2.02276909029916,0.0987
"275",8469528,0.591133004926108,0.093
"276",8469542,0.975614744668122,0.0727
"277",8469543,1.55514414176144,0.0859
"278",8469544,2.32582857643035,0.106
"279",8469547,1.30139569973595,0.0617
"280",8469581,2.07690438138446,0.1424
"281",8469582,1.13702623906706,0.1025
"282",8469584,1.31224764468371,0.08
"283",8469587,1.04893194689782,0.0569
"284",8469591,1.02261553588987,0.0521
"285",8469622,2.29077901725498,0.1098
"286",8469629,1.2396694214876,0.1111
"287",8469638,2.25288613521318,0.1195
"288",8469639,1.66688981121971,0.0912
"289",8469664,1.56553478111097,0.0783
"290",8469670,2.34680573663625,0.1308
"291",8469672,1.55429531611006,0.1216
"292",8469681,0.471327572663001,0.0301
"293",8469685,1.03098688355576,0.0827
"294",8469733,1.05304212168487,0.1176
"295",8469752,0,0
"296",8469759,1.34090075536268,0.0898
"297",8469779,1.78118846872318,0.103
"298",8469812,1.51315605122313,0.0831
"299",8469820,0.616874957161461,0.06
"300",8470004,0.761509172724126,0.016
"301",8470018,0.940238364283735,0.0432
"302",8470039,1.95486308664128,0.1053
"303",8470041,2.48542024013722,0.1205
"304",8470047,1.78715942810898,0.1372
"305",8470054,0.89917789449646,0.0589
"306",8470061,0.612391930835735,0.0258
"307",8470063,0.825763831544178,0.0652
"308",8470064,0.420168067226891,0.0465
"309",8470065,1.43540669856459,0.1063
"310",8470072,1.9012204562061,0.1392
"311",8470086,0.338791643139469,0
"312",8470105,1.7314081916742,0.0964
"313",8470110,0.859703817969077,0.062
"314",8470113,0.427350427350427,0.0294
"315",8470120,2.69621903520209,0.1277
"316",8470121,0.46596286858391,0.0357
"317",8470123,0.522648083623693,0.0571
"318",8470131,0.894854586129754,0.125
"319",8470144,1.86322354743407,0.0992
"320",8470152,1.44943820224719,0.0959
"321",8470153,2.33392458451553,0.1123
"322",8470156,1.41181693736357,0.1086
"323",8470159,0.983189428508422,0.068
"324",8470162,1.68832909017821,0.1267
"325",8470169,1.1163197927877,0.0768
"326",8470171,1.21582962492053,0.1025
"327",8470176,1.53553046890551,0.0813
"328",8470180,0.969755371104444,0.1141
"329",8470189,1.96119515568034,0.035
"330",8470192,0.689639158500906,0.0627
"331",8470199,0.769230769230769,0.0625
"332",8470201,2.47022836145366,0.1497
"333",8470207,2.21449557247347,0.1143
"334",8470223,1.00470957613815,0.0882
"335",8470230,1.46343538620797,0.1177
"336",8470257,2.03667321545514,0.1007
"337",8470274,1.68103285081465,0.0968
"338",8470289,1.28308436124713,0.0879
"339",8470299,1.9489448197525,0.0988
"340",8470301,0.580645161290323,0
"341",8470302,0.982671174978867,0.068
"342",8470324,0.479088186998938,0.033
"343",8470358,1.7359584143404,0.118
"344",8470366,1.01297879075657,0.0967
"345",8470373,2.46592890438743,0.1019
"346",8470383,1.21896162528217,0.0434
"347",8470543,2.26185739458064,0.1253
"348",8470564,1.43760399334443,0.125
"349",8470595,2.44421663776502,0.1125
"350",8470596,2.33322864901812,0.1447
"351",8470597,2.22293722970351,0.1042
"352",8470598,2.82244361372945,0.1429
"353",8470599,2.04315360300518,0.12
"354",8470603,2.19218362555134,0.1246
"355",8470604,2.21504504055059,0.1114
"356",8470606,1.84839044652129,0.0967
"357",8470608,1.99729180771835,0.1024
"358",8470609,1.63708188177422,0.1058
"359",8470610,2.38742105710743,0.1149
"360",8470611,1.65344904982792,0.1018
"361",8470612,2.71224435928735,0.1101
"362",8470613,1.66400402937033,0.0657
"363",8470615,1.50953389830508,0.0736
"364",8470616,1.82366306260112,0.1133
"365",8470617,2.16133052749927,0.1072
"366",8470618,1.65351274421012,0.0882
"367",8470619,1.34568659386431,0.0953
"368",8470620,1.38432803935691,0.0778
"369",8470621,2.45323381848329,0.1276
"370",8470622,1.77587524843296,0.113
"371",8470626,2.03260569218016,0.1256
"372",8470631,1.18754398311049,0.0645
"373",8470634,0.216972034715526,0
"374",8470635,0.543478260869565,0.1666
"375",8470638,2.58104722682193,0.1074
"376",8470639,1.53116045845272,0.0955
"377",8470647,0.961650833931583,0.0597
"378",8470649,1.71985068515101,0.0685
"379",8470651,0.706991358994501,0.0833
"380",8470654,1.12566811236885,0.075
"381",8470655,2.01235552012754,0.1138
"382",8470662,0.974230483895802,0.0632
"383",8470666,1.32778613791272,0.0849
"384",8470667,2.12498252481476,0.1362
"385",8470680,1.78343949044586,0.096
"386",8470687,1.18660964080136,0.0992
"387",8470697,0.983487129674599,0.041
"388",8470699,0.61177554634955,0.0417
"389",8470700,1.26784913875904,0.1052
"390",8470719,0.563998120006267,0.0317
"391",8470740,1.94067850184769,0.1089
"392",8470743,0.533883395013044,0.0576
"393",8470750,1.34269482982418,0.0969
"394",8470755,1.30067238389749,0.0869
"395",8470774,0.69377990430622,0.0362
"396",8470775,0.900290947684313,0.0717
"397",8470778,1.0067760244267,0.0845
"398",8470794,2.59110097530205,0.1284
"399",8470803,1.37358175363698,0.1033
"400",8470809,2.19804618117229,0.2195
"401",8470828,1.12977425912057,0.0659
"402",8470834,1.65266998016796,0.0677
"403",8470854,0.765174104832549,0.0581
"404",8470871,0.849150849150849,0.0572
"405",8470876,1.02515424774561,0.0656
"406",8470877,1.65736268186157,0.134
"407",8470920,1.50375939849624,0.0909
"408",8471185,2.08172998069669,0.1461
"409",8471187,0.780485578417976,0.0428
"410",8471208,2.00501253132832,0.1195
"411",8471214,3.14300680984809,0.1287
"412",8471215,3.45318629265043,0.1351
"413",8471216,1.08552941546,0.0545
"414",8471217,1.998001998002,0.119
"415",8471218,2.65498352952954,0.1086
"416",8471220,1.47176373676664,0.0769
"417",8471226,1.95320323809862,0.1049
"418",8471229,0.997432085416948,0.0854
"419",8471231,1.21179950932477,0.0833
"420",8471232,1.37202926085621,0.1011
"421",8471233,1.71097947375672,0.112
"422",8471234,2.20171886166645,0.1064
"423",8471235,1.54373927958834,0.1052
"424",8471236,1.09151363436586,0.0571
"425",8471238,2.05206156184686,0.1212
"426",8471245,1.78097863444034,0.1366
"427",8471260,1.43936047576466,0.0926
"428",8471263,1.40526976160602,0.093
"429",8471266,1.81542340648304,0.0899
"430",8471273,1.86192164767313,0.0941
"431",8471276,2.56248641599652,0.125
"432",8471277,1.34128166915052,0.0357
"433",8471283,1.21867217718434,0.098
"434",8471284,0.904439978074182,0.0467
"435",8471290,1.47748592870544,0.1052
"436",8471299,1.33953116409257,0.0651
"437",8471303,1.15020159823001,0.0488
"438",8471309,2.20380934732829,0.1163
"439",8471310,1.4706263779017,0.129
"440",8471311,1.85675183576142,0.0699
"441",8471314,0.476631801933007,0.025
"442",8471323,1.41263998869888,0.1113
"443",8471324,1.14285714285714,0.0441
"444",8471331,1.10627205391487,0.1082
"445",8471339,1.78220107475856,0.1009
"446",8471346,2.05785891978374,0.1098
"447",8471360,1.13726109619333,0.1363
"448",8471362,2.05510362304586,0.1248
"449",8471371,0.644590118274329,0.0506
"450",8471372,0.30060120240481,0.0714
"451",8471388,0.940438871473354,0.0833
"452",8471390,1.47072754831375,0.0902
"453",8471392,0.552394146375681,0.0325
"454",8471419,1.58504369030685,0.0337
"455",8471426,1.59792421476356,0.1372
"456",8471457,0.293350717079531,0
"457",8471476,1.27514732777891,0.0686
"458",8471480,0,0
"459",8471498,1.67486288150563,0.1107
"460",8471504,1.68178290276084,0.1045
"461",8471514,2.01944025473437,0.0971
"462",8471521,0.858213191054603,0.0934
"463",8471628,1.09509867295334,0.0927
"464",8471634,1.54771468895885,0.0786
"465",8471636,0.482484796703021,0
"466",8471641,2.14285714285714,0.0588
"467",8471657,0.980324888073143,0.0857
"468",8471664,1.79885332059245,0.0958
"469",8471669,2.3346469272553,0.1259
"470",8471670,1.91121448073617,0.14
"471",8471675,3.6397914037675,0.1453
"472",8471676,2.3327001653525,0.1221
"473",8471678,1.8519315403423,0.1344
"474",8471680,1.60873798738411,0.0959
"475",8471682,1.99444713314145,0.1103
"476",8471685,2.53208668894643,0.1297
"477",8471691,1.70407518769615,0.0918
"478",8471698,2.25612725206947,0.1466
"479",8471699,1.52586405340524,0.0982
"480",8471703,2.03990771846036,0.1254
"481",8471707,2.23745434532446,0.1177
"482",8471716,1.37315981146298,0.0856
"483",8471724,1.68893862802189,0.0596
"484",8471743,1.29121570601561,0.0735
"485",8471753,1.69878799920525,0.0621
"486",8471760,0.591133004926108,0.0476
"487",8471763,1.02272727272727,0
"488",8471766,0.903882586565018,0.0736
"489",8471794,1.36727143964716,0.077
"490",8471804,1.43473613365533,0.0618
"491",8471807,0.998497094167048,0.0626
"492",8471811,1.51312403499743,0.1538
"493",8471840,1.20724346076459,0.0377
"494",8471851,1.47139713971397,0.0901
"495",8471859,1.96378648781002,0.1618
"496",8471873,0.938664654310133,0.0478
"497",8471887,2.30073101290777,0.0935
"498",8472008,1.41955835962145,0.2
"499",8472215,1.53048210186209,0.0967
"500",8472248,0,0
"501",8472361,1.75814975668463,0.1118
"502",8472368,1.46198830409357,0.0973
"503",8472379,1.74738941071522,0.1428
"504",8472394,0.640911518604237,0.0486
"505",8473385,1.28115303773396,0.0701
"506",8473412,2.06201207787625,0.1315
"507",8473422,1.82467532467532,0.1117
"508",8473432,1.19323520200438,0.0728
"509",8473449,2.06798413647348,0.1018
"510",8473453,1.06074257218288,0.0596
"511",8473465,1.60253491887167,0.1096
"512",8473473,1.99150382327952,0.1295
"513",8473482,1.69277198053259,0.126
"514",8473485,2.08073062508077,0.1288
"515",8473493,1.12023026955541,0.0645
"516",8473504,1.21340683409871,0.0861
"517",8473512,2.76550298774635,0.1149
"518",8473526,2.04793446609709,0.0931
"519",8473533,1.77758530763564,0.1138
"520",8473534,1.72842669871384,0.1242
"521",8473536,1.09837791442308,0.0558
"522",8473544,2.05607359108657,0.1111
"523",8473548,2.61486148087619,0.1073
"524",8473563,2.89374880847239,0.1197
"525",8473564,1.73619483964312,0.0803
"526",8473573,1.8326117153928,0.1304
"527",8473574,1.46689303904924,0.106
"528",8473579,1.60965006755831,0.1216
"529",8473604,2.53332823288641,0.138
"530",8473646,1.11292831784275,0.084
"531",8473682,1.61168280871671,0.0935
"532",8473734,0.87262963584494,0.0625
"533",8473898,0.996953752423151,0.0689
"534",8473905,0,0
"535",8473908,0.987908412657576,0.0864
"536",8473932,0.857015325100432,0.071
"537",8473942,1.01035615054307,0.0957
"538",8473962,2.07900286116843,0.0932
"539",8473973,0.682261208576998,0.0224
"540",8474001,1.33360146484478,0.0859
"541",8474040,1.94865193683355,0.0934
"542",8474068,1.98554832279565,0.1067
"543",8474091,1.3773382580722,0.1054
"544",8474102,2.42035874675001,0.1284
"545",8474114,1.53475330808205,0.08
"546",8474121,0.758160758160758,0.0666
"547",8474138,1.33756670945079,0.1192
"548",8474141,3.10326076010554,0.116
"549",8474150,1.87285071863151,0.0832
"550",8474153,1.5527950310559,0.0756
"551",8474157,2.54882924285527,0.1108
"552",8474161,2.64723270394348,0.0885
"553",8474177,1.86373990474218,0.0625
"554",8474190,1.99566846356925,0.1234
"555",8474498,1.34583032924778,0.0431
"556",8474551,1.66990200435017,0.1183
"557",8474564,3.28956039540304,0.1665
"558",8474571,1.82457880624312,0.1072
"559",8474573,1.99133274330882,0.1156
"560",8474588,1.00636602752259,0.0982
"561",8475087,0.987744649716481,0.0535
"565",8459628,0.525799415143404,0.0314
"566",8460533,1.78121120154504,0.1121
"568",8462225,1.04137348719392,0.0583
"569",8464966,1.06147943696527,0.0453
"570",8465058,0.943741982774418,0.0644
"571",8466232,0.782005963782855,0.0329
"572",8467331,0.889443500424809,0.0517
"573",8467344,0.524602264489172,0.0323
"574",8467400,0.811429510583098,0.0504
"575",8467491,1.13476118585862,0.0898
"576",8467890,0.642339127431795,0.0329
"577",8468309,1.59150220940111,0.0695
"578",8468463,1.42222222222222,0.0837
"579",8468478,0.522404136148212,0.0221
"580",8468503,0,0
"581",8468636,0.380132944344245,0.036
"582",8468846,0.720491629582539,0.074
"583",8469470,1.15297525550274,0.065
"584",8469619,0.845595529086764,0.0307
"585",8469626,0.453598894868147,0.0317
"586",8469666,2.16445623342175,0.106
"587",8469707,2.15304044224614,0.1168
"588",8469755,1.5256588072122,0.1047
"589",8470203,1.62866449511401,0.0925
"590",8470225,0.949930734217297,0.0384
"591",8470232,1.27677684777983,0.0666
"592",8470268,1.14208935169634,0.0971
"593",8470280,1.46844287469287,0.1064
"594",8470283,1.3023129620837,0.1228
"595",8470309,1.39759303421885,0.0709
"596",8470329,1.09290526490892,0.0671
"597",8470580,0.822981366459627,0.0484
"598",8470600,1.16206976969063,0.0444
"599",8470625,1.19205298013245,0
"600",8470636,0.45107129432402,0.0833
"601",8470661,0.730048908505308,0.075
"602",8470705,0.847457627118644,0
"603",8470724,0.800865069442098,0.0403
"604",8470735,0,0
"605",8470741,1.81247153029177,0.1111
"606",8470777,0,0
"607",8470804,0.800328339831726,0.0338
"608",8470816,0.732600732600733,0.0925
"609",8470852,2.104729462093,0.1214
"610",8470867,0.926845415425356,0.0569
"611",8471254,1.70729155769432,0.117
"612",8471268,0.935361875342822,0.027
"613",8471269,0.485132627989771,0.0299
"614",8471279,0.715193897012079,0.0379
"615",8471280,1.48271831691434,0.0714
"616",8471336,2.10239439361495,0.25
"617",8471338,1.09403677978911,0.0921
"618",8471352,1.22639853823205,0.0785
"619",8471386,2.27258380152768,0.1505
"620",8471399,0.99659890848691,0.1363
"621",8471428,0.841580300787033,0
"622",8471436,0.731276405069773,0.0414
"623",8471450,1.49886247044654,0.1078
"624",8471451,0.941718112378361,0.1071
"625",8471483,1.94805194805195,0.0975
"626",8471663,0.701912260967379,0.0636
"627",8471689,1.25391849529781,0.0454
"628",8471692,0.251041023291028,0.0204
"629",8471697,2.02719205405845,0.0899
"630",8471733,1.10637703429489,0.076
"631",8471764,0.56980056980057,0.125
"632",8471767,0.79525962887884,0.0476
"633",8471768,1.02134831460674,0.0823
"634",8471829,1.85614849187935,0.2
"635",8471842,1.17275597654488,0.0793
"636",8471863,1.37931034482759,0.5
"637",8471976,2.05451174989679,0.1454
"638",8472263,1.50848522941546,0.1333
"639",8472355,0.72179203539823,0.0329
"640",8473419,3.0066103354253,0.1532
"641",8473466,1.05503375051046,0.1009
"642",8473492,1.50943396226415,0.0903
"643",8473514,1.05144025409806,0.0948
"644",8473537,1.62857327502639,0.0865
"645",8473546,1.79479768786127,0.1302
"646",8473568,0.994658316448701,0.0724
"647",8473584,0.770910754710456,0.0471
"648",8473592,0.925653834851602,0.0212
"649",8473600,1.18167546738975,0.0823
"650",8473618,2.18272013228607,0.1324
"651",8473687,0,0
"652",8473914,1.53787004998078,0.1066
"653",8473994,2.73656191542572,0.1318
"654",8473997,1.18986412045538,0.0588
"655",8473999,1.37747371320997,0.0992
"656",8474009,1.58971373311361,0.121
"657",8474037,2.30665562438307,0.1175
"658",8474042,0.564705882352941,0.125
"659",8474045,1.09422492401216,0
"660",8474053,2.46340906295574,0.1266
"661",8474094,1.48809523809524,0.0937
"662",8474096,1.14262896810161,0.1054
"663",8474125,0.724610201134756,0.0562
"664",8474154,0.72,0.0312
"665",8474189,1.5300232167702,0.0986
"666",8474220,1.3067677663951,0.0263
"667",8474250,1.25493841505926,0.0946
"668",8474291,1.05867649101024,0.0866
"669",8474519,0.822690287362241,0.0401
"670",8474552,2.13097713097713,0.152
"671",8474566,1.54876774629709,0.1034
"672",8474569,1.84288905435592,0.1135
"673",8474576,1.33499796041978,0.0774
"674",8474589,1.95541601255887,0.0995
"675",8474674,0.458744823192099,0.0408
"676",8474681,1.39529250272518,0.1037
"677",8475085,0,0
"678",8475086,1.68067226890756,0.2
"679",8475098,1.94729764930338,0.1293
"680",8475105,1.74778492535502,0.076
"681",8475118,0.817021276595745,0.0395
"682",8475158,2.19963101736501,0.118
"683",8475166,2.90534804424448,0.1284
"684",8475168,2.52791434047163,0.1327
"685",8475169,2.12868725202691,0.1003
"686",8475381,0.490196078431373,0.0487
"687",8475602,1.58730158730159,0.0769
"688",8475638,0,0
"690",8462093,1.77201439337362,0.1147
"691",8464981,0.549108422848239,0.0247
"692",8464984,1.21383667330668,0.0759
"693",8466212,0.43629753067717,0.0294
"694",8466215,1.27118644067797,0.0594
"695",8467519,0.484729438600938,0.046
"696",8467579,0.976668475311991,0.1176
"697",8468498,0.577230631903894,0.0234
"698",8469684,0.664191513108444,0.0407
"699",8469770,1.23425837744458,0.0609
"700",8470321,1.18965517241379,0.0684
"701",8470614,0.504537522341006,0.0504
"702",8470648,0.897755610972569,0
"703",8470685,0.600377510101048,0.0578
"704",8470708,0,0
"705",8470713,1.23295348402765,0.07
"706",8470737,1.419185282523,0.1136
"707",8470986,1.20535714285714,0.1153
"708",8471368,0,0
"709",8471474,0.427350427350427,0
"710",8471490,1.20448179271709,0.0857
"711",8471668,1.23725512658953,0.0597
"712",8471681,1.26811594202899,0.0669
"713",8471708,0.851351351351351,0.0547
"714",8471730,0,0
"715",8471762,0.865714113945612,0.0725
"716",8471817,1.04954908261636,0.108
"717",8471832,0,0
"718",8471856,1.03822557810288,0.0531
"719",8471862,1.50341461816872,0.0855
"720",8471956,0.876872488125685,0.0523
"721",8472370,0.453365365985973,0.0363
"722",8473444,1.23626373626374,0.1818
"723",8473542,1.24913254684247,0.1639
"724",8473558,0.990682863545229,0.0839
"725",8473562,0.418864412038473,0.028
"726",8473569,0.674662668665667,0.0476
"727",8473588,1.2267151294866,0.0757
"728",8473608,1.41347025067955,0.1509
"729",8473722,0.32426589803639,0.0462
"730",8473927,0.465416936005171,0.0384
"731",8474024,0.907152548943594,0.08
"732",8474025,0.671328671328671,0.032
"733",8474030,1.36748426307792,0.0422
"734",8474038,1.68294623472245,0.1666
"735",8474050,1.91938579654511,0.0909
"736",8474059,1.67419959598308,0.0727
"737",8474077,1.79425837320574,0.1538
"738",8474085,2.1259842519685,0.0714
"739",8474095,0.949554896142433,0.0583
"740",8474149,2.2323187834674,0.1326
"741",8474230,0.89075838178894,0.0625
"742",8474535,1.16508624874591,0.0588
"743",8474563,1.30083865312104,0.0638
"744",8474570,1.76704828272773,0.0983
"745",8474577,1.66808925740763,0.1368
"746",8474586,2.35086622611181,0.1271
"747",8474587,0.6,0
"748",8474592,1.32841328413284,0.0769
"749",8474609,1.45658263305322,0.1086
"750",8474610,1.34190662566396,0.0784
"751",8474613,2.03233762674705,0.091
"752",8474616,0.79943151536685,0.0227
"753",8474634,0.788695366414722,0.0588
"754",8474642,1.07789951423607,0.0791
"755",8474646,1.04826381305962,0.0732
"756",8474685,1.52439914727098,0.1091
"757",8474693,1.45102781136638,0.0769
"758",8474705,1.62162162162162,0.1204
"759",8474709,1.02227349365516,0.0771
"760",8474719,1.15830115830116,0.0909
"761",8474727,1.09659513978203,0.1141
"762",8474739,1.40477645826057,0.0837
"763",8474762,0,0
"764",8475149,1.93577260572271,0.1253
"765",8475150,1.0110838056071,0.071
"766",8475160,1.1267532162675,0.0662
"767",8475170,2.3161094224924,0.1352
"768",8475172,2.48156355227654,0.109
"769",8475175,1.22080287479387,0.0787
"770",8475185,0.958621980902453,0.0597
"771",8475204,1.92470837751856,0.1254
"772",8475266,1.11842105263158,0.0666
"773",8475304,0.232198142414861,0.0526
"774",8475323,1.07653408538364,0.0628
"775",8475372,0,0
"776",8475637,1.82627601200952,0.0966
"777",8475692,2.54599436225043,0.1117
"778",8475784,2.35290904231139,0.112
"779",8475788,1.16871094654015,0.085
"780",8475791,2.71944579316085,0.1013
"781",8475794,2.69324211551662,0.1107
"782",8475950,0,0
"783",8476205,1.21056493030081,0.0933
"785",8466333,0.765912542243386,0.0404
"786",8468598,1.56930019074659,0.0835
"787",8469598,0.955720572057206,0.0438
"788",8470005,2.26197516262567,0.14
"789",8470222,1.39388184223021,0.0515
"790",8470601,0.738129598523741,0.0377
"791",8470838,0,0
"792",8471228,2.48842940433972,0.1283
"793",8471241,0.416609938733833,0.0215
"794",8471312,1.47058823529412,0.0645
"795",8471402,1.10016977928693,0.1186
"796",8471409,0.762365754046286,0.0652
"797",8471482,1.13658091913645,0.0568
"798",8471752,0.890427900074202,0.0483
"799",8471810,0.6448723690103,0.04
"800",8471868,0.250513204133468,0.0512
"801",8471885,1.22511485451761,0.2857
"802",8471916,1.15052732502397,0.2222
"803",8472410,0.906315888850426,0.0486
"804",8473484,0.881733422595235,0.0521
"805",8473511,1.57033805888768,0.1666
"806",8473700,0.982845034839656,0.0318
"807",8473970,1.18474525680961,0.0924
"808",8474031,1.50390476650808,0.0546
"809",8474062,1.278729020852,0.0837
"810",8474089,0.975874220656004,0.0853
"811",8474100,1.2529935817607,0.1057
"812",8474128,0,0
"813",8474130,1.19041787096458,0.0674
"814",8474139,0.765102810690186,0.0714
"815",8474146,2.8296943231441,0.1
"816",8474151,1.1047230776998,0.0527
"817",8474166,1.03662491891622,0.0711
"818",8474176,1.63158313785775,0.0769
"819",8474192,1.25279642058166,0.0825
"820",8474201,0.897487036298365,0.0869
"821",8474520,0.859849078573188,0.0537
"822",8474578,1.92733377630818,0.0679
"823",8474582,1.30813953488372,0.0694
"824",8474590,1.69587953831595,0.0641
"825",8474594,1.20371517027864,0.0575
"826",8474625,1.58763553973135,0.1018
"827",8474641,1.96811407634797,0.1548
"828",8474666,1.53553382767898,0.0882
"829",8474668,1.34952766531714,0.0963
"830",8474715,2.12918011779492,0.1095
"831",8474736,0.795822982020296,0.0614
"832",8474772,0.895433290219879,0
"833",8474892,1.75953079178886,0.1086
"834",8475102,4.06779661016949,0.3333
"835",8475151,2.19133935515354,0.1242
"836",8475154,0.449438202247191,0
"837",8475165,0.806116247081027,0.0476
"838",8475171,1.26496721201406,0.0682
"839",8475178,1.46049878391693,0.1152
"840",8475180,1.45249487354751,0.0878
"841",8475183,1.09256449165402,0.0769
"842",8475191,2.16821639898563,0.1201
"843",8475200,1.1378002528445,0.0625
"844",8475220,1.55124653739612,0.1349
"845",8475225,1.976080621661,0.0946
"846",8475231,1.34603058327992,0.107
"847",8475236,1.43525468918389,0.1082
"848",8475254,0.638297872340426,0.0396
"849",8475264,1.21173469387755,0.0722
"850",8475268,1.26275783859993,0.0923
"851",8475325,0.881978798586572,0.0802
"852",8475603,0,0
"853",8475619,0.464396284829721,0.0793
"854",8475679,0.75,0.0714
"855",8475758,1.22083067521741,0.0828
"856",8475764,1.20023845797178,0.062
"857",8475768,2.23225404732254,0.1203
"858",8475792,1.76509635112845,0.1383
"859",8475793,2.23225875663788,0.1205
"860",8475799,2.0179244530992,0.1255
"861",8476116,1.47966173761043,0.0701
"862",8476158,1.09458321639068,0.0813
"863",8476177,1.53654400196155,0.1145
"864",8476206,0.875912408759124,0
"865",8476211,2.98507462686567,1
"866",8476244,0.880252698393689,0.0372
"867",8476381,1.78640308582449,0.1145
"868",8476454,2.44755754882422,0.12
"869",8476455,2.3908719773893,0.1222
"870",8476459,2.61663807890223,0.132
"871",8476460,2.69887076537014,0.1674
"872",8476461,1.99565870763066,0.1079
"873",8476819,0.623052959501558,0.0526
"874",8460561,1.15743469603407,0.0615
"875",8464956,0.713790026767126,0.0499
"876",8467452,0.435988902100674,0.0183
"877",8467977,1.04294083564025,0.0483
"878",8468114,0.430995779832989,0.0154
"879",8468639,1.37353572017819,0.0616
"880",8469992,0.534061599150357,0.0248
"881",8470273,1.02325345054275,0.0465
"882",8470644,1.63107714128122,0.0888
"883",8471246,0.903529411764706,0.0333
"884",8471262,1.85783690235409,0.0979
"885",8471326,1.11907676167162,0.1311
"886",8471701,0.260529743812419,0
"887",8471853,0,0
"888",8472424,0.819672131147541,0.0526
"889",8473463,1.37121655139037,0.0978
"890",8473507,1.09897762367547,0.0569
"891",8473610,0.563380281690141,0.0344
"892",8473616,0,0
"893",8473712,1.30280300039479,0.1
"894",8473867,0.606060606060606,0.0909
"895",8473986,2.01356639242707,0.125
"896",8474034,1.76044783322073,0.1078
"897",8474052,1.28022759601707,0.1235
"898",8474137,0.987629688747007,0.057
"899",8474168,0.884188981749957,0.0697
"900",8474518,0.737463126843658,0.042
"901",8474602,1.32568804732652,0.0616
"902",8474679,2.26662794656626,0.1175
"903",8474683,1.47206423553028,0.0972
"904",8474849,1.4808225956991,0.1095
"905",8474850,0.679347826086957,0.1142
"906",8474870,2.13229109978727,0.1288
"907",8474884,2.39398635870196,0.1174
"908",8475147,1.43181818181818,0.0957
"909",8475163,1.58289835709191,0.1302
"910",8475164,1.66757736823804,0.0911
"911",8475184,2.39752429556436,0.1513
"912",8475192,1.20160213618158,0.0839
"913",8475193,2.21178438308865,0.1288
"914",8475196,1.23175182481752,0.0714
"915",8475209,1.67172311311993,0.1132
"916",8475213,1.18646216250475,0.0604
"917",8475214,1.58336665333866,0.0709
"918",8475314,2.19919815843451,0.1378
"919",8475640,0.849570597469757,0.0697
"920",8475650,0.631559677813034,0.0354
"921",8475661,1.23442679163333,0.0882
"922",8475722,2.0593182605254,0.1224
"923",8475726,2.3690791966654,0.1154
"924",8475727,2.19696692855838,0.08
"925",8475733,1.08544895374781,0.0277
"926",8475745,1.86292334070453,0.1133
"927",8475760,1.79450109471619,0.0966
"928",8475761,1.5,0.0808
"929",8475765,2.91040517405364,0.1285
"930",8475766,1.19717615229614,0.1027
"931",8475770,1.28659332463174,0.0817
"932",8475798,2.15230314240215,0.1023
"933",8475848,2.17880523731588,0.0971
"934",8475913,2.80261423550088,0.1537
"935",8475958,1.44654088050314,0.0952
"936",8476043,0.852721339088325,0.041
"937",8476195,1.85785355985385,0.1089
"938",8476292,2.27074374395024,0.1176
"939",8476419,1.63596428481263,0.1154
"940",8476438,2.08365955758772,0.1281
"941",8476456,2.90422120484844,0.122
"942",8476466,1.98064011992282,0.1506
"943",8476468,2.74985565768098,0.1494
"944",8476483,2.18507433632625,0.1103
"945",8476808,0.981014071923163,0.0764
"946",8476834,1.9914096056228,0.1764
"947",8476851,2.20432562580431,0.1146
"948",8476855,1.71428571428571,0.0953
"949",8476870,0.699893955461294,0.0612
"950",8476872,1.64621704395676,0.0951
"951",8476887,2.88920725883477,0.1301
"952",8476888,1.37349397590361,0.0893
"953",8477059,1.98347107438017,0.0954
"954",8477243,0,0
"955",8466182,0.623125868499963,0.0481
"956",8466285,1.26462642500481,0.0599
"957",8469665,0.673958025421224,0.049
"958",8470151,0.850703346189001,0.0441
"959",8470602,1.20521773074254,0.0544
"960",8470640,1.12278072273223,0.0465
"961",8471274,1.20628963649061,0.0539
"962",8471677,0.801762073657914,0.0464
"963",8471686,0.620024494794856,0.0451
"964",8471718,0.526458729396035,0.0218
"965",8471996,0.832851359167149,0.075
"966",8473953,0.639058656455253,0.0219
"967",8473989,0.508878876225815,0.0649
"968",8474008,1.00523560209424,0.1012
"969",8474012,1.30293159609121,0.2
"970",8474061,0.967444717444717,0.0588
"971",8474098,1.37577932656386,0.0701
"972",8474145,0.558350100603622,0.0386
"973",8474584,1.0652716035997,0.0586
"974",8474603,1.28887894383531,0.1304
"975",8474605,0.986140724946695,0.0422
"976",8474774,0.522360703812317,0.029
"977",8474818,0.775305909428173,0.0387
"978",8475161,0.986481549141396,0.1052
"979",8475222,1.2197105220361,0.0546
"980",8475223,1.39299282397636,0.1272
"981",8475224,0.841402337228715,0.074
"982",8475233,0.831654149111559,0.0488
"983",8475235,0.900557275541796,0.0764
"984",8475247,1.1052916741918,0.0677
"985",8475260,1.48883374689826,0.125
"986",8475283,1.92076830732293,0.1818
"987",8475287,1.85246702491451,0.1164
"988",8475309,0.680443548387097,0.0526
"989",8475321,1.06395924966534,0.1
"990",8475414,0.733776656730108,0.0422
"991",8475423,1.36770691994573,0.1224
"992",8475598,0.884279475982533,0.032
"993",8475625,0.784284328837207,0.0344
"994",8475671,1.06907032805786,0.0894
"995",8475714,1.68136072914824,0.1231
"996",8475728,1.10530135278465,0.0974
"997",8475735,1.00765068109722,0.1242
"998",8475739,1.21470529593104,0.0888
"999",8475744,2.6533358969429,0.1098
"1000",8475752,1.28159905937684,0.1038
"1001",8475754,2.25765306122449,0.1433
"1002",8475769,0.969167181338781,0.0961
"1003",8475772,1.30834048324672,0.0896
"1004",8475807,0.806509427199082,0.0583
"1005",8475808,0.695151493873539,0.0425
"1006",8475845,2.53164556962025,0.2
"1007",8475878,0.51520572450805,0.0547
"1008",8475889,0,0
"1009",8476062,1.56696560559771,0.0991
"1010",8476179,1.08656283955089,0.15
"1011",8476207,1.58705092775365,0.1381
"1012",8476209,0.638705556738344,0.0483
"1013",8476235,1.72110747078758,0.1139
"1014",8476367,0.498614958448753,0.0625
"1015",8476389,2.28148303723956,0.1066
"1016",8476410,1.68903238825547,0.0919
"1017",8476423,1.53835196923296,0.0877
"1018",8476432,1.74048174048174,0.1072
"1019",8476435,0,0
"1020",8476436,1.10803324099723,0.0574
"1021",8476440,1.22226704316257,0.1174
"1022",8476442,1.28659253677739,0.0911
"1023",8476445,0.629370629370629,0
"1024",8476453,3.85324137931034,0.1444
"1025",8476458,2.05174808833266,0.1057
"1026",8476480,1.71408850371961,0.1231
"1027",8476482,0.886481162275302,0.0666
"1028",8476765,0.31578947368421,0.04
"1029",8476792,1.81704182080381,0.048
"1030",8476806,1.05675146771037,0.0457
"1031",8476822,0.873131971975576,0.0884
"1032",8476854,1.10183138459076,0.0556
"1033",8476871,1.76235365250371,0.108
"1034",8476878,1.15055079559364,0.0883
"1035",8476880,1.75456215698901,0.1188
"1036",8476881,2.26975571185679,0.1343
"1037",8476882,2.44669509594883,0.1071
"1038",8476925,1.3075741231081,0.1212
"1039",8476975,1.08282674772036,0.1045
"1040",8477126,0.898692810457516,0.0597
"1041",8477201,1.2779552715655,0.1428
"1042",8477227,0.381234777083554,0.037
"1043",8477290,1.36354980003809,0.1111
"1044",8477492,3.35921979411234,0.1056
"1045",8477493,2.87976670244436,0.1365
"1046",8477496,2.20841868763629,0.1214
"1047",8477497,2.36481206532781,0.1401
"1048",8477499,1.05035779731985,0.0383
"1049",8477501,2.01312695924765,0.111
"1050",8477814,0.432822362488729,0
"1051",8477832,0,0
"1052",8477836,3.11418685121107,1
"1054",8468493,0.781854495174514,0.0416
"1055",8469623,1.4342602075913,0.0692
"1056",8470187,0.850288072921145,0.0349
"1057",8470630,0.793725786638949,0.0593
"1058",8470760,0.593323900180087,0.036
"1059",8471717,0.526442307692308,0.0397
"1060",8473565,0.550038197097021,0.037
"1061",8474066,0.850537947077639,0.0443
"1062",8474516,0.76530612244898,0.0833
"1063",8474600,1.82093276351764,0.0672
"1064",8474627,1.52952839541141,0.1079
"1065",8474628,0.863609291244789,0.0466
"1066",8474744,0.851466414380322,0
"1067",8474748,0.649350649350649,0
"1068",8474793,1.05263157894737,0.3333
"1069",8475119,0.355787476280835,0.0285
"1070",8475155,0.798082128219008,0.0258
"1071",8475157,0.897662337662338,0.0813
"1072",8475188,0.6845252331978,0.0354
"1073",8475250,1.67701863354037,0.0794
"1074",8475295,1.51578947368421,0.25
"1075",8475310,1.28473676860774,0.0826
"1076",8475461,1.62271805273834,0.0789
"1077",8475715,1.59628207718731,0.1042
"1078",8475716,0.517473175103791,0.0243
"1079",8475749,0.736648250460405,0.0263
"1080",8475763,2.14689720184857,0.1116
"1081",8475767,0.912431884425295,0.0526
"1082",8475775,1.05953844289399,0.0818
"1083",8475780,0.889852261707832,0.0786
"1084",8475842,1.17083946980854,0.0975
"1085",8475855,1.46143357335896,0.1256
"1086",8475907,1.85089974293059,0.1039
"1087",8475917,0.919540229885058,0.0769
"1088",8475996,0.453172205438066,0
"1089",8476147,1.91184280403611,0.5
"1090",8476336,0.998239818677212,0.0571
"1091",8476344,1.15001277791975,0.1558
"1092",8476346,3.0778188312159,0.1213
"1093",8476356,1.2147388311513,0.0728
"1094",8476363,0.974025974025974,0
"1095",8476392,1.35131314844656,0.1069
"1096",8476393,1.46925448938872,0.0788
"1097",8476404,0.93156986774008,0.0833
"1098",8476406,0.982528206053373,0.056
"1099",8476428,1.68775190326914,0.0887
"1100",8476430,1.28283568542287,0.0711
"1101",8476437,1.7667720098242,0.1049
"1102",8476439,1.16981867810489,0.0797
"1103",8476448,2.13599692662313,0.1301
"1104",8476451,0.853658536585366,0.0483
"1105",8476473,0.643586638857367,0.0466
"1106",8476477,1.10529042657302,0.117
"1107",8476479,1.94609879269797,0.1024
"1108",8476495,1.16803278688525,0.1126
"1109",8476536,0,0
"1110",8476539,2.68093890970258,0.1158
"1111",8476549,1.58590308370044,0
"1112",8476624,1.31801284217641,0.091
"1113",8476868,0,0
"1114",8476885,1.10652215431627,0.0451
"1115",8476919,1.6165156916815,0.1081
"1116",8476921,1.30317580194374,0.0818
"1117",8476923,1.15438779760527,0.0591
"1118",8477070,1.0187456051589,0.0647
"1119",8477213,1.04567969179967,0.0823
"1120",8477228,0,0
"1121",8477249,2.01680672268908,0.0588
"1122",8477410,0,0
"1123",8477413,1.77350427350427,0.0861
"1124",8477429,1.72049689440994,0.1082
"1125",8477444,2.41673299895467,0.1378
"1126",8477448,1.76759410801964,0.0909
"1127",8477455,0.804109895018986,0.0567
"1128",8477486,0.79225352112676,0
"1129",8477494,2.18382114699212,0.0938
"1130",8477500,2.20523890088093,0.136
"1131",8477505,1.63338498044272,0.1047
"1132",8477507,0.754554459709721,0.0608
"1133",8477508,1.13871199021551,0.0785
"1134",8477589,1.56805807622505,0.0909
"1135",8477591,1.2477549862936,0.0782
"1136",8477715,1.09256449165402,0.1
"1137",8477887,0.8975138865343,0.0671
"1138",8477902,0.919736001703215,0.0422
"1139",8477913,0,0
"1140",8477922,1.3036899080433,0.125
"1141",8477930,0.942515651678998,0.0791
"1142",8477933,2.50473323194388,0.156
"1143",8477934,3.46290560413557,0.1819
"1144",8477935,1.83732674331149,0.1034
"1145",8477956,3.57229627728837,0.1392
"1146",8478137,1.250539025442,0.0746
"1147",8470281,1.25023116589325,0.0419
"1148",8471242,1.5538631194431,0.0782
"1149",8471693,0.859865210318383,0.0348
"1150",8471729,0.874133896205203,0.0436
"1151",8473446,0.999252260213446,0.0482
"1152",8474000,0.638437193059042,0.0533
"1153",8474568,0.684189914533852,0.0355
"1154",8474574,1.02232411103499,0.0578
"1155",8474581,1.24781800777071,0.0546
"1156",8474697,0.494578283695599,0.0408
"1157",8475177,0.71519550931614,0.0284
"1158",8475208,0.736064246009028,0.035
"1159",8475253,0.684345594525235,0.0219
"1160",8475278,0.733675715333822,0.0457
"1161",8475343,1.40972404730618,0.1367
"1162",8475430,0.673605426265934,0.0432
"1163",8475738,1.44234119149925,0.1012
"1164",8475753,1.23026174348048,0.0582
"1165",8475786,2.23515498568405,0.1367
"1166",8475800,1.43707359558717,0.089
"1167",8475810,2.30205142485844,0.1257
"1168",8475820,1.8116362791778,0.1092
"1169",8475832,1.25438777617179,0.081
"1170",8475836,0,0
"1171",8475949,0.731707317073171,0
"1172",8476288,1.89293505621749,0.1405
"1173",8476323,0.983937431671012,0.0784
"1174",8476352,1.01973373619111,0.0434
"1175",8476386,1.48643949930459,0.0662
"1176",8476400,0.960591133004926,0.0586
"1177",8476401,0,0
"1178",8476409,1.33559465762137,0.08
"1179",8476447,0.876560132746555,0.0697
"1180",8476469,1.44522880534067,0.0954
"1181",8476769,1.0043241735249,0.1333
"1182",8476772,0.526161940952938,0
"1183",8476858,1.32061628760088,0.0623
"1184",8476867,0.885678888683871,0.0593
"1185",8476889,1.24424106479385,0.1009
"1186",8476894,1.56666052000738,0.0647
"1187",8476897,1.52112676056338,0.1093
"1188",8476905,2.02854996243426,0.1547
"1189",8476906,1.7581633766531,0.0715
"1190",8476913,1.50408935565221,0.1058
"1191",8476915,1.13042249540766,0.0909
"1192",8476931,0.806423089166342,0.055
"1193",8476934,1.30268642890227,0.1018
"1194",8476948,1.42865439340264,0.0509
"1195",8476960,2.03036804449314,0.1194
"1196",8477010,1.45964398289234,0.1098
"1197",8477210,1.2398117322925,0.0555
"1198",8477326,0.95389507154213,0
"1199",8477406,1.41450410750231,0.1045
"1200",8477407,2.23211727824115,0.1383
"1201",8477415,1.20798319327731,0.0751
"1202",8477426,1.50305208360859,0.1041
"1203",8477427,1.26315789473684,0
"1204",8477445,1.23870967741935,0.1176
"1205",8477446,1.14312931650393,0.0839
"1206",8477450,1.28946473298494,0.1055
"1207",8477451,1.97653750444365,0.1063
"1208",8477460,0.923494794024445,0.0683
"1209",8477464,1.18398797218568,0.0384
"1210",8477488,0.898689411275224,0.0401
"1211",8477503,2.3559174142033,0.0988
"1212",8477510,1.99675131730122,0.0681
"1213",8477512,1.13375459698885,0.1056
"1214",8477566,2.57879656160458,0
"1215",8477816,1.76730486008837,0
"1216",8477839,1.95303928022822,0.1219
"1217",8477903,1.31872997132737,0.1023
"1218",8477916,0.917782026768642,0.125
"1219",8477929,0.87021582733813,0.0652
"1220",8477937,1.48450547411394,0.093
"1221",8477939,2.9935791129821,0.1235
"1222",8477940,2.74680691209617,0.1167
"1223",8477941,1.70183348667456,0.1007
"1224",8477946,2.40229151390786,0.1086
"1225",8477952,2.01452697787378,0.1458
"1226",8477955,2.33142699013006,0.1235
"1227",8478029,0,0
"1228",8478042,2.38204908863591,0.1099
"1229",8478366,1.95235579463042,0.1081
"1230",8478373,0.949554896142433,0.064
"1231",8478401,2.00728064505154,0.1201
"1232",8478402,4.20962383453006,0.1515
"1233",8478403,2.84662033062886,0.1077
"1234",8478420,3.19937775473166,0.1609
"1235",8478466,2.32071616230417,0.1178
"1236",8478528,1.33945656333716,0.0753
"1237",8478550,3.54269989113342,0.1459
"1238",8478561,0.890092879256966,0.0562
"1239",8478564,0.544003868471954,0.0571
"1240",8478566,0.717372152535974,0.0925
"1241",8478569,1.08060190536037,0.1093
"1242",8478585,1.64583474089589,0.1207
"1243",8478928,0.404721753794266,0
"1244",8468674,0.690345580474635,0.041
"1245",8470607,1.13940835893546,0.0516
"1246",8474018,1.89933523266857,0.2142
"1247",8474207,0.846128250225793,0.0667
"1248",8474218,0.957018633540373,0.0508
"1249",8474565,1.45588944239113,0.0584
"1250",8475199,1.13747996484153,0.0436
"1251",8475263,0.987654320987654,0.0434
"1252",8475413,1.05392912172573,0.0729
"1253",8475762,0.594923320994183,0.0354
"1254",8475796,0.702461429351405,0.0504
"1255",8475834,1.35567689700621,0.121
"1256",8475906,1.7216223086593,0.0651
"1257",8476200,0.884086444007859,0
"1258",8476285,1.39914496696463,0.081
"1259",8476293,1.39281894112381,0.0673
"1260",8476310,1.11040609137056,0.0927
"1261",8476326,1.32746901239504,0.13
"1262",8476370,0.49406436560763,0.0238
"1263",8476374,1.2200956937799,0.0748
"1264",8476390,1.16848097473285,0.1219
"1265",8476399,1.77168828011341,0.1037
"1266",8476414,0,0
"1267",8476415,0.703773005278298,0.0312
"1268",8476425,0,0
"1269",8476443,0.585617512752286,0.0221
"1270",8476472,1.08525513930919,0.0382
"1271",8476474,1.71120592858747,0.1008
"1272",8476511,11.3207547169811,1
"1273",8476526,0,0
"1274",8476619,0.895789787996417,0.1111
"1275",8476826,2.10417283219888,0.1329
"1276",8476853,1.61273789592374,0.0462
"1277",8476857,1.52284263959391,0.0909
"1279",8476869,1.17940106798666,0.0561
"1280",8476875,1.19940542295272,0.0606
"1281",8476879,0.78062375907953,0.0421
"1282",8476902,0.860476640987521,0.0524
"1283",8476911,0,0
"1284",8476918,1.37549942995655,0.1059
"1285",8476955,0.76876143990238,0.0344
"1286",8476966,1.65663482246397,0.1558
"1287",8476981,1.57126779860058,0.1089
"1288",8476982,1.17647058823529,0.0384
"1289",8476994,1.82139841582566,0.0841
"1290",8477015,1.60885339793836,0.1066
"1291",8477205,0.706456511970513,0.033
"1292",8477240,1.28287799083659,0.129
"1293",8477353,1.0546875,0.0823
"1294",8477391,2.62773722627737,0
"1295",8477402,2.69263554107314,0.1463
"1296",8477404,2.96100241222192,0.152
"1297",8477416,2.36510651531644,0.1154
"1298",8477417,1.26436781609195,0.1219
"1299",8477425,1.6594784193627,0.0836
"1300",8477454,1.19389495473695,0.0913
"1301",8477456,1.6705656759348,0.1344
"1302",8477461,1.10311015780604,0.0729
"1303",8477466,1.10260336906585,0
"1304",8477473,0.948681813494655,0.0571
"1305",8477476,1.74722028597051,0.104
"1306",8477478,1.47577160020842,0.0886
"1307",8477479,2.24687933425797,0.1389
"1308",8477482,1.41178599978884,0.1172
"1309",8477491,1.30932896890344,0.1147
"1310",8477511,2.20786593678906,0.1258
"1311",8477520,1.23161135819364,0.147
"1312",8477846,1.03966114747786,0.0666
"1313",8477881,0,0
"1314",8477901,1.69413919413919,0.0969
"1315",8477919,1.53551717998932,0.0934
"1316",8477931,1.21416908849061,0.0769
"1317",8477943,1.46059986776462,0.1219
"1318",8477944,2.46707128734298,0.1404
"1319",8477951,2.44862793703096,0.142
"1320",8477953,1.84770270937176,0.1067
"1321",8477959,1.78944970279394,0.14
"1322",8477960,2.1725451233648,0.1235
"1323",8477964,1.94265071122149,0.171
"1324",8477973,1.31070408334734,0.0535
"1325",8477989,1.72726303443864,0.1322
"1326",8478010,2.99774130402048,0.1833
"1327",8478027,1.43051495844502,0.0909
"1328",8478099,1.96129707112971,0.0926
"1329",8478131,2.03317574399475,0.0976
"1330",8478376,0.544053196312528,0.0526
"1331",8478398,2.81518458323659,0.1464
"1332",8478400,1.5521978021978,0.103
"1333",8478414,2.48238216266174,0.1085
"1334",8478427,2.94914446572127,0.1524
"1335",8478439,2.53796370711899,0.1253
"1336",8478440,2.51622399763005,0.1466
"1337",8478458,2.08862753334033,0.1166
"1338",8478463,1.7501976284585,0.1089
"1339",8478474,1.57398529881751,0.1197
"1340",8478480,0,0
"1341",8478483,3.35046140939597,0.1301
"1342",8478493,1.9459693209528,0.1009
"1343",8478512,1.33872908235809,0.0841
"1344",8478542,1.77472939663487,0.0756
"1345",8478843,1.55855817334417,0.1096
"1346",8479249,2.04778156996587,0
"1347",8479250,0.673211781206171,0.0666
"1348",8479290,0.998982517805938,0.0952
"1349",8479291,0.944485255535733,0.0974
"1350",8479293,1.45585592964387,0.1154
"1351",8479314,3.29252689276067,0.1259
"1352",8479318,3.4994068801898,0.1619
"1353",8479339,2.71455223880597,0.1467
"1354",8479344,1.49343983349974,0.0819
"1355",8479370,1.40084050430258,0.083
"1356",8479423,1.85006502496119,0.1256
"1357",8479465,1.46494593651901,0.1095
"1358",8479648,0.799259944495837,0.0975
"1359",8480087,0,0
"1360",8469465,0.871488139438102,0.0378
"1361",8470318,0.591918341576344,0.0389
"1362",8471296,0.554136641430265,0.0367
"1363",8471709,0.836894586894587,0.0494
"1364",8471958,0.792917802356227,0.0453
"1365",8474056,1.43169555264879,0.0585
"1366",8474131,0.997867803837953,0.0779
"1367",8474612,0.795213678427244,0.0352
"1368",8474716,1.19525012580215,0.0766
"1369",8474722,0.61767500791891,0.0266
"1370",8475167,1.76935706878673,0.0696
"1371",8475218,1.1039651592647,0.0557
"1372",8475328,0,0
"1373",8475436,1.43769968051118,0
"1374",8475736,1.48383677795443,0.0645
"1375",8475747,0.467289719626168,0.0205
"1376",8475844,1.66112956810631,0.0655
"1377",8476312,0.830092797829263,0.0503
"1378",8476329,1.7587440381558,0.1678
"1379",8476462,1.73591063135434,0.0642
"1380",8476525,1.1073885199241,0.0476
"1381",8476779,1.22020431328036,0.0597
"1382",8476856,1.07605936646523,0.0687
"1383",8476873,1.47045350435181,0.1369
"1384",8476922,1.5358361774744,0.0847
"1385",8476924,1.86278964107224,0.1183
"1386",8476952,1.24732715609408,0.1007
"1387",8476971,1.10429447852761,0.2142
"1388",8476979,1.55578699422809,0.0625
"1389",8477018,0.765632980791189,0.0294
"1390",8477021,2.01303047504469,0.1232
"1391",8477220,1.04462473307332,0.0512
"1392",8477341,1.89465947397792,0.1132
"1393",8477380,1.31240506329114,0.0602
"1394",8477401,0.884197948820074,0.0666
"1395",8477458,1.66825678070056,0.1014
"1396",8477463,0.652297220646625,0.0314
"1397",8477472,0.61938147877328,0
"1398",8477504,1.4239166100712,0.0614
"1399",8477527,0.961483431580152,0.0934
"1400",8477529,0.681101534580618,0.0615
"1401",8477942,2.76396512754278,0.1157
"1402",8477949,2.41333077954415,0.1141
"1403",8477950,1.78592098953252,0.0623
"1404",8477957,1.03645589664231,0.1111
"1405",8477958,1.64163568773234,0.1079
"1406",8477961,0.593589236248516,0.0357
"1407",8477987,1.9242107172706,0.0972
"1408",8477994,0,0
"1409",8478020,1.50714886459209,0.1217
"1410",8478046,1.90418686580123,0.1095
"1411",8478055,1.18985299280053,0.0578
"1412",8478063,2.2181146025878,0
"1413",8478075,1.27415143603133,0.1176
"1414",8478106,1.5939160329201,0.0365
"1415",8478146,1.04848752661391,0.0722
"1416",8478211,1.2076563836085,0.0627
"1417",8478233,2.0509559203466,0.1432
"1418",8478407,1.57124681933842,0.0719
"1419",8478413,1.53523326451708,0.0863
"1420",8478421,1.32913364023398,0.0778
"1421",8478431,1.46707237557053,0.1058
"1422",8478432,1.26109521268856,0.0878
"1423",8478443,0.543782003836684,0.0382
"1424",8478444,2.61888613983306,0.1376
"1425",8478445,2.83636363636364,0.1072
"1426",8478488,1.19989091900736,0.0862
"1427",8478498,2.17460912218551,0.1243
"1428",8478519,1.88582528462742,0.1341
"1429",8478541,1.10710185337051,0.0851
"1430",8478866,1.47321428571429,0.0619
"1431",8479066,1.12241843759353,0.0809
"1432",8479206,0.936768149882904,0.0909
"1433",8479304,1.26168224299065,0.0833
"1434",8479316,1.3893341217846,0.1033
"1435",8479337,2.72410211255495,0.1395
"1436",8479343,2.600041467966,0.1231
"1437",8479366,1.49597238204833,0.0864
"1438",8479400,2.29869606129856,0.1253
"1439",8479404,1.24188990168372,0.125
"1440",8479407,2.75773773325225,0.1228
"1441",8479420,2.55572765842818,0.1253
"1442",8479442,0.744999473232696,0.029
"1443",8479553,1.3490444268643,0.1176
"1444",8479650,1.88976377952756,0.3333
"1445",8479944,1.19875130072841,0.0952
"1446",8479968,1.1521228931086,0.0693
"1447",8479974,1.50621067388257,0.0984
"1448",8479977,1.70640858298048,0.1377
"1449",8479999,2.12981744421907,0.1172
"1450",8480002,2.54434789572739,0.1238
"1451",8480015,2.08977189109639,0.0974
"1452",8480072,0.853318460680424,0.0625
"1453",8480078,1.82693459827879,0.0943
"1454",8480113,1.60988698268152,0.0955
"1455",8480144,1.14618233115853,0.0769
"1456",8480153,0.750938673341677,0
"1457",8480222,0.957905380235219,0.0552
"1458",8480330,1.89274447949527,0.125
"1459",8474090,0.72823005502769,0.0484
"1460",8474673,1.03428461980464,0.0563
"1461",8474688,0.541871921182266,0.0149
"1462",8476278,1.49553696738337,0.11
"1463",8476396,0.647559659431586,0.0526
"1464",8476427,1.60192230676812,0.0844
"1465",8476429,0.774265319365903,0.04
"1466",8476441,0.673125956144824,0.0403
"1467",8476617,1.31086142322097,0.054
"1468",8476927,1.5606936416185,0.0893
"1469",8476958,1.08830835403364,0.0416
"1470",8477346,1.27931769722815,0.0573
"1471",8477357,1.10020713776359,0.0824
"1472",8477366,0.354889589905363,0.0322
"1473",8477447,1.73570790443523,0.0563
"1474",8477680,1.57645822385707,0.1052
"1475",8477850,0.709486697124429,0.038
"1476",8477936,0.938803894297636,0.0695
"1477",8477945,0.64268940798418,0.0175
"1478",8477962,1.41097958210852,0.1037
"1479",8477963,1.66415559512396,0.1518
"1480",8477969,0.97326568445702,0.0272
"1481",8477996,0.850692550987021,0.0738
"1482",8477998,1.71687883832724,0.0998
"1483",8478036,0.650596380015014,0.0588
"1484",8478038,1.53096274003075,0.0645
"1485",8478056,1.12848242623722,0.0227
"1486",8478067,1.48996160540407,0.1056
"1487",8478078,0.412087912087912,0.0447
"1488",8478104,1.46257724879835,0.1111
"1489",8478365,0.906458516933149,0
"1490",8478417,1.59378228146982,0.1428
"1491",8478442,1.26360126360126,0
"1492",8478449,2.83842350499522,0.1651
"1493",8478455,1.35260860230444,0.0848
"1494",8478462,1.82833238029314,0.1167
"1495",8478472,1.69385194479297,0.1182
"1496",8478491,0.50535772776192,0.0178
"1497",8478495,1.66475691602554,0.091
"1498",8478500,1.02164790302323,0.0594
"1499",8478831,1.02936015908293,0.1124
"1500",8478844,0.86000955566173,0.08
"1501",8478856,2.36251347907068,0.1049
"1502",8478870,1.60310277957337,0.1081
"1503",8478873,2.31252618349393,0.1315
"1504",8478874,1.6600790513834,0.0903
"1505",8478881,1.21020025932863,0.0983
"1506",8478891,1.51287355405733,0.1015
"1507",8479315,1.21861248296633,0.1067
"1508",8479346,1.78978273634762,0.1135
"1509",8479351,1.46864997175673,0.1083
"1510",8479353,1.31961456802221,0.115
"1511",8479365,1.66012558869702,0.1154
"1512",8479368,1.08956710210298,0.0734
"1513",8479385,2.90829258064715,0.1319
"1514",8479395,0.859475719810915,0.0699
"1515",8479398,1.2241968557758,0.0479
"1516",8479410,1.59524117418854,0.0561
"1517",8479414,1.36677838290742,0.1054
"1518",8479415,1.34791667584366,0.087
"1519",8479580,0.818577153739022,0.0841
"1520",8479644,1.48139116651934,0.1119
"1521",8479657,1.41732283464567,0.1034
"1522",8479772,0.906432748538012,0.0675
"1523",8479970,1.48148148148148,0
"1524",8479992,1.59150011144959,0.1081
"1525",8479994,1.13062790228145,0.1111
"1526",8480012,3.17718050935139,0.1658
"1527",8480023,2.77484143763214,0.1482
"1528",8480029,1.49082568807339,0.1121
"1529",8480031,1.72000021966797,0.1279
"1530",8480039,2.42627970445317,0.1157
"1531",8480068,1.38991946430187,0.105
"1532",8480074,1.59518080398459,0.114
"1533",8480145,1.28282602698336,0.0381
"1534",8480208,2.48470068559334,0.1256
"1535",8480326,1.2374405076679,0.1012
"1536",8480748,1.58155458938662,0.0885
"1537",8480769,0.844356881508584,0.147
"1538",8480780,1.2794830371567,0.1346
"1539",8480801,2.59586776859504,0.0961
"1540",8480806,1.08912974850047,0.121
"1541",8480821,1.44053188869737,0.0793
"1542",8480829,1.7868483521904,0.1042
"1543",8480830,2.7852588900097,0.1172
"1544",8480901,1.03478010922679,0.0579
"1545",8480944,0.950343179481479,0.04
"1546",8480946,1.9759552434234,0.116
"1547",8480965,1.65441176470588,0.0625
"1548",8481186,1.38572032108154,0.0948
"1549",8481426,0,0
"1550",8481433,1.58520475561427,0.0689
"1551",8481477,1.32470326269507,0.1077
"1552",8471735,1.61136954118197,0.0428
"1553",8475841,1.15480338476854,0.0437
"1554",8476391,0.334168755221387,0
"1555",8476907,1.1235429052947,0.0791
"1556",8476947,1.61445320007688,0.0634
"1557",8477003,0,0
"1558",8477038,2.29042709867452,0.0739
"1559",8477149,1.44927536231884,0.0555
"1560",8477320,0.877781164279183,0.0481
"1561",8477330,2.07820833251333,0.1258
"1562",8477409,2.8266010784221,0.149
"1563",8477573,1.42670312685769,0.1351
"1564",8477974,0.227920227920228,0
"1565",8477979,1.52254538356432,0.0984
"1566",8477983,2.20183486238532,0.3333
"1567",8478043,1.40859677738702,0.1031
"1568",8478074,1.34098189674439,0.1153
"1569",8478109,2.2509430461938,0.1347
"1570",8478115,1.68130020549225,0.1043
"1571",8478133,1.41236673773987,0.082
"1572",8478367,1.25874125874126,0.1
"1573",8478424,0.997871921887015,0.0778
"1574",8478434,1.4074173249431,0.0938
"1575",8478436,0.861450107681264,0.2
"1576",8478477,0.973219565768354,0.0632
"1577",8478485,1.19257950530035,0.0666
"1578",8478508,1.17955910382278,0.1002
"1579",8478833,0.315900315900316,0
"1580",8478838,0.999722299361289,0.1176
"1581",8478839,2.17687074829932,0.1333
"1582",8478949,0.552486187845304,0
"1583",8478975,2.40135287485908,0.1144
"1584",8478996,1.66533495941797,0.2307
"1585",8479328,1.44620811287478,0.094
"1586",8479335,1.2666681027983,0.0708
"1587",8479347,0.54032419451671,0.0434
"1588",8479358,0.27002700270027,0.0555
"1589",8479364,0.411334552102377,0
"1590",8479381,0.523560209424084,0.0217
"1591",8479382,0.32520325203252,0.0232
"1592",8479393,1.24646203731692,0.0669
"1593",8479466,0.647149460708783,0
"1594",8479526,1.01838755304102,0
"1595",8479557,0,0
"1596",8479587,0.300187617260788,0.0322
"1597",8479675,1.96988884198677,0.097
"1598",8479748,2.05831903945111,0
"1599",8479933,1.24326564442603,0.1756
"1600",8479987,1.92018072289157,0.114
"1601",8479996,1.62719633307869,0.0963
"1602",8480003,1.49508859784284,0.1273
"1603",8480014,2.24652675140408,0.173
"1604",8480018,2.34721234338239,0.1382
"1605",8480021,0.781302985499776,0.0437
"1606",8480028,1.88167316857606,0.096
"1607",8480064,2.28702469862717,0.1719
"1608",8480185,1.45772594752187,0.1084
"1609",8480186,1.6041759500923,0.1666
"1610",8480205,1.66679180118628,0.0931
"1611",8480384,1.17164616285882,0
"1612",8480762,1.40866873065015,0.0936
"1613",8480789,1.75033744067575,0.0916
"1614",8480797,2.00580434223577,0.1263
"1615",8480822,1.18251313903488,0.1
"1616",8480849,1.50560869110625,0.0964
"1617",8480853,1.07843137254902,0.0593
"1618",8481019,0.849557522123894,0.0519
"1619",8481481,1.56086387434555,0.0913
"1620",8481516,1.24471763349981,0.0909
"1621",8481523,1.64655443239148,0.0934
"1622",8481554,1.61009174311927,0.1217
"1623",8481559,2.88219908713267,0.1096
"1624",8481624,1.93001841620626,0.1016
"1625",8481638,1.24023886081764,0.0666
"1626",8481640,0.547278808148373,0
"1627",8481641,0.937163602591975,0.0805
"1628",8481650,0.819000819000819,0.0869
"1629",8481813,0.82180234599986,0.0897
"1630",8475968,1.75827038291222,0.1071
"1631",8476457,0.705890150678273,0.0419
"1632",8477314,0,0
"1633",8477544,0,0
"1634",8477851,0.775558873335404,0.0421
"1635",8478017,0.676613462873005,0.0439
"1636",8478047,2.58928997186591,0.1357
"1637",8478057,1.76114474408365,0.1692
"1638",8478069,0,0
"1639",8478446,0.58055152394775,0
"1640",8478447,1.87084257206208,0.0754
"1641",8478864,3.54343390958875,0.1626
"1642",8478888,0,0
"1643",8478904,1.04025267119145,0.0804
"1644",8478967,0.832457431154089,0.0606
"1645",8479322,1.37142857142857,0.113
"1646",8479323,2.24413464807888,0.0778
"1647",8479336,1.47479639005063,0.1063
"1648",8479356,1.60765550239234,0.0992
"1649",8479511,1.53638238850558,0.1021
"1650",8479514,1.75533643948423,0.1764
"1651",8479525,2.15505913272011,0.1269
"1652",8479542,2.4408298559478,0.1546
"1653",8479550,0.65903890160183,0.0689
"1654",8479573,0.970757430488974,0.0731
"1655",8479639,0.902378999179655,0.035
"1656",8479661,1.49086071323191,0.1341
"1657",8479671,1.09395109395109,0.0783
"1658",8479718,1.3216937260341,0.1348
"1659",8480005,0.50125313283208,0.0408
"1660",8480008,1.92007680307212,0.1037
"1661",8480009,1.85879412683536,0.1163
"1662",8480025,0.971502590673575,0.0961
"1663",8480027,3.56467115719367,0.1486
"1664",8480053,2.00534759358289,0
"1665",8480289,1.28442985585843,0.0909
"1666",8480448,1.07370197101005,0.0876
"1667",8480459,1.569806781445,0.1165
"1668",8480776,0.933367902514908,0.0833
"1669",8480798,1.65255243371587,0.1037
"1670",8480802,1.50167687250763,0.1189
"1671",8480813,1.23982952344053,0.119
"1672",8480833,0.971223021582734,0.0909
"1673",8480844,1.22663551401869,0
"1674",8480845,1.07475519465011,0.0642
"1675",8480848,1.24079864103006,0.079
"1676",8480890,1.66128287955699,0.1481
"1677",8481068,2.122755293487,0.1418
"1678",8481077,1.33682830930537,0.0638
"1679",8481147,0.670854023479891,0.0526
"1680",8481518,2.24002488916544,0.24
"1681",8481522,1.36434108527132,0.0956
"1682",8481528,2.19351049772427,0.1042
"1683",8481533,2.45330359632004,0.112
"1684",8481535,1.84875579875951,0.1253
"1685",8481580,1.48995739500913,0.1111
"1686",8481596,1.85185185185185,0.1056
"1687",8481618,1.92256341789052,0.1304
"1688",8481626,1.32890365448505,0.1372
"1689",8481740,0.55944055944056,0
"1690",8482055,1.49089312781095,0.0888
"1691",8482063,0,0
"1692",8482109,1.96043800777111,0.1417
"1693",8482116,2.68041237113402,0.1287
"1694",8482124,1.99981062399394,0.0989
"1695",8482240,0.338123415046492,0.0454
"1696",8482241,1.64583968302347,0.1406
"1697",8482248,0.793650793650794,0.2
"1698",8482623,0,0
"1699",8482635,0.823158183564275,0.0416
"1700",8482654,0.641711229946524,0.0526
"1701",8476345,1.4,0.0606
"1702",8477392,1.40059655038257,0.1171
"1703",8477932,1.34885328035244,0.0681
"1704",8477947,2.02929558920342,0.161
"1705",8478051,0.841672121948939,0.0769
"1706",8478173,2.14285714285714,0.1
"1707",8478250,2.14541120381406,0
"1708",8478438,2.74886468673391,0.1558
"1709",8478486,0,0
"1710",8478851,0.887464563046962,0.039
"1711",8479359,1.04423495286439,0.0672
"1712",8479362,1.18811881188119,0.1538
"1713",8479373,1.56806842480399,0.1142
"1714",8479379,1.01786402775993,0.0588
"1715",8479383,1.10069302894415,0.0765
"1716",8479390,1.30211817168339,0.1019
"1717",8479516,2.03389830508475,1
"1718",8479520,1.07474717319103,0.076
"1719",8479536,1.39162002722735,0.0943
"1720",8479543,1.56030795551754,0.0931
"1721",8479546,0.802675585284281,0.0666
"1722",8479619,1.88992042440318,0.1666
"1723",8479705,0.721703219598252,0.0681
"1724",8479941,1.5549662487946,0.1309
"1725",8479972,1.40039677908741,0.0666
"1726",8479981,0.852532223688217,0.0618
"1727",8479986,1.29753108668229,0.0571
"1728",8479991,0.456129236617042,0.0303
"1729",8480007,0.911369332421964,0.0428
"1730",8480011,1.76592908557718,0.1777
"1731",8480019,2.23255813953488,0.0714
"1732",8480037,1.28571428571429,0.0714
"1733",8480060,1.37960400255482,0.2121
"1734",8480188,1.71651991480975,0.0921
"1735",8480216,1.48743120630671,0.1284
"1736",8480220,1.57054358258442,0.1153
"1737",8480226,0.725757677575432,0.0555
"1738",8480281,1.16670267600852,0.1069
"1739",8480355,1.23762376237624,0.0972
"1740",8480443,1.152,0.0526
"1741",8480835,1.64334887852543,0.0662
"1742",8480855,1.54693542716512,0.1428
"1743",8480858,0,0
"1744",8480863,0.592885375494071,0.0714
"1745",8480870,0.385150315609286,0.0196
"1746",8480979,1.40132347216816,0.125
"1747",8480980,1.23072030529496,0.0913
"1748",8480988,2.00892857142857,0.1
"1749",8481004,0.332409972299169,0
"1750",8481032,1.55691385076692,0.1176
"1751",8481061,1.17507418397626,0.1111
"1752",8481093,1.54194760694153,0.1888
"1753",8481441,2.0952380952381,0.1621
"1754",8481517,1.23612606258584,0.1069
"1755",8481532,0.790861159929701,0.0344
"1756",8481540,2.42951287451593,0.1173
"1757",8481553,1.72297656610061,0.1111
"1758",8481557,2.81831999560496,0.126
"1759",8481577,2.24039829302987,0.1013
"1760",8481617,1.25130344108446,0.1022
"1761",8481655,0,0
"1762",8481656,1.49337841645534,0.0565
"1763",8481711,2.52465483234714,0.1255
"1764",8481720,1.63909546213386,0.1
"1765",8481815,0,0
"1766",8481827,0,0
"1767",8482062,1.16995173949075,0.0722
"1768",8482078,2.46666614162066,0.1476
"1769",8482079,1.49896413047894,0.1135
"1770",8482089,1.64158686730506,0.165
"1771",8482093,2.30997428966972,0.1353
"1772",8482110,1.90563933472337,0.1425
"1773",8482113,1.9669827889006,0.097
"1774",8482117,1.33444537114262,0.0851
"1775",8482133,1.65601840020445,0.0857
"1776",8482148,2.15204678362573,0.1551
"1777",8482149,2.26890756302521,0.1146
"1778",8482222,1.87177468730867,0.1022
"1779",8482475,1.69968805328387,0.1071
"1780",8482665,2.11664373826227,0.1404
"1781",8482667,1.75285822635467,0.1168
"1782",8482705,1.39827839596893,0.0804
"1783",8482745,2.20980601418796,0.1254
"1784",8482815,0,0
"1785",8483397,1.61979752530934,0.2352
"1786",8483570,0.731038684130369,0.1132
"1787",8474567,0.793151642208246,0.0407
"1788",8477073,0.744049603306887,0.0635
"1789",8477335,0.403511255840295,0.0297
"1790",8477986,1.38023369036027,0.0582
"1791",8478028,0.926916221033868,0.0506
"1792",8478409,2.03045685279188,0.1904
"1793",8479533,0.70298769771529,0
"1794",8479591,1.47468458135343,0.0583
"1795",8479983,0.633155080213904,0.0333
"1796",8480032,0,0
"1797",8480034,2.76073619631902,0
"1798",8480252,1.5423692505432,0.1052
"1799",8480468,0.538680233428101,0.0666
"1800",8480846,0,0
"1801",8480880,1.28682268340377,0.1
"1802",8480893,1.79834927641046,0.1358
"1803",8480995,1.78200178200178,0.1481
"1804",8481013,1.97623353138724,0.1517
"1805",8481058,1.36508061036363,0.109
"1806",8481239,1.20512176751193,0.1304
"1807",8481422,0.702370500438982,0.0833
"1808",8481543,1.14674028456148,0.0697
"1809",8481550,0.780008666762964,0
"1810",8481582,2.12522137722679,0.1164
"1811",8481591,1.12570356472795,0
"1812",8481592,1.30250732660371,0.0701
"1813",8481601,1.31260053619303,0.1891
"1814",8481604,2.21641791044776,0.1449
"1815",8481649,0.311176419742415,0.0625
"1816",8481683,1.07334525939177,0.25
"1817",8481690,1.51515151515152,0.2
"1818",8481704,1.72422720447367,0.1359
"1819",8481725,1.89423835832676,0.1666
"1820",8481751,1.31940626717977,0.1428
"1821",8481754,0.778210116731517,0.0666
"1822",8482077,1.17244748412311,0.09
"1823",8482092,1.59066808059385,0.1181
"1824",8482097,2.3345259391771,0.1276
"1825",8482147,0.517613227893602,0.0714
"1826",8482157,1.3558106169297,0.1083
"1827",8482175,2.0260114615147,0.1129
"1828",8482181,0,0
"1829",8482197,0,0
"1830",8482250,0,0
"1831",8482259,1.9907100199071,0.1102
"1832",8482452,0,0
"1833",8482496,1.05508620360106,0.0897
"1834",8482652,1.77456457443313,0.1184
"1835",8482660,1.93813304133589,0.1139
"1836",8482691,1.43141153081511,0.125
"1837",8482699,2.57554945054945,0.1379
"1838",8482740,2.38649155722326,0.1489
"1839",8483464,0,0
"1840",8483515,1.84795441712438,0.1237
"1841",8483524,2.38275340393343,0.3125
"1842",8483549,1.78926441351889,0.1428
"1843",8483597,0.650759219088937,0.0588
"1844",8483630,0.875841375395345,0.0416
"1845",8483808,3.01659125188537,0.231
"1846",8484125,0.817438692098093,0
